,Age,Tm,Lg,Pos,G,GS,MP,FG,FGA,FG%,3P,3PA,3P%,2P,2PA,2P%,eFG%,FT,FTA,FT%,ORB,DRB,TRB,AST,STL,BLK,TOV,PF,PTS,OFF,DEF,TOT
0,20.0,SAC,NBA,PF,33,12,18.5,3.5,6.6,0.537,0.1,0.2,0.375,3.5,6.4,0.5429999999999999,0.544,1.6,2.2,0.703,1.5,3.4,4.9,0.8,0.5,0.4,1.1,1.9,8.8,10.8,4.3,15.100000000000001
1,,,NBA,,33,12,18.5,3.5,6.6,0.537,0.1,0.2,0.375,3.5,6.4,0.5429999999999999,0.544,1.6,2.2,0.703,1.5,3.4,4.9,0.8,0.5,0.4,1.1,1.9,8.8,10.8,4.3,15.100000000000001
