,Age,Tm,Lg,Pos,G,GS,MP,FG,FGA,FG%,3P,3PA,3P%,2P,2PA,2P%,eFG%,FT,FTA,FT%,ORB,DRB,TRB,AST,STL,BLK,TOV,PF,PTS,OFF,DEF,TOT
0,20.0,CHI,NBA,PF,62,4,17.8,3.0,7.0,0.42700000000000005,0.3,0.8,0.308,2.7,6.2,0.44299999999999995,0.445,0.8,1.1,0.727,2.0,3.5,5.4,0.8,0.4,0.4,0.9,1.6,7.0,9.7,4.3,14.0
1,21.0,CHI,NBA,PF,64,13,15.6,2.9,5.9,0.488,0.5,1.5,0.33299999999999996,2.4,4.4,0.541,0.531,0.6,0.9,0.6609999999999999,1.2,3.5,4.6,0.5,0.3,0.2,0.6,1.5,6.8,8.4,4.0,12.4
2,,,NBA,,126,17,16.7,2.9,6.4,0.455,0.4,1.2,0.324,2.5,5.3,0.484,0.485,0.7,1.0,0.696,1.6,3.5,5.0,0.7,0.3,0.3,0.7,1.5,6.9,9.200000000000001,4.1,13.3
