,Age,Tm,Lg,Pos,G,GS,MP,FG,FGA,FG%,3P,3PA,3P%,2P,2PA,2P%,eFG%,FT,FTA,FT%,ORB,DRB,TRB,AST,STL,BLK,TOV,PF,PTS,OFF,DEF,TOT
0,22.0,CHI,NBA,SF,44,18,19.2,2.0,5.0,0.39799999999999996,0.8,2.3,0.33299999999999996,1.3,2.8,0.451,0.473,0.7,0.9,0.775,0.3,2.5,2.8,0.8,0.3,0.4,0.9,1.8,5.5,6.5,3.1999999999999997,9.7
1,,,NBA,,44,18,19.2,2.0,5.0,0.39799999999999996,0.8,2.3,0.33299999999999996,1.3,2.8,0.451,0.473,0.7,0.9,0.775,0.3,2.5,2.8,0.8,0.3,0.4,0.9,1.8,5.5,6.5,3.1999999999999997,9.7
