,Age,Tm,Lg,Pos,G,GS,MP,FG,FGA,FG%,3P,3PA,3P%,2P,2PA,2P%,eFG%,FT,FTA,FT%,ORB,DRB,TRB,AST,STL,BLK,TOV,PF,PTS,OFF,DEF,TOT
0,19.0,PHO,NBA,PF,43,0,13.3,1.3,3.7,0.354,0.7,2.3,0.27699999999999997,0.7,1.4,0.483,0.441,0.1,0.3,0.364,0.5,1.9,2.4,0.5,0.2,0.5,0.7,1.7,3.4,4.2,2.6,6.800000000000001
1,,,NBA,,43,0,13.3,1.3,3.7,0.354,0.7,2.3,0.27699999999999997,0.7,1.4,0.483,0.441,0.1,0.3,0.364,0.5,1.9,2.4,0.5,0.2,0.5,0.7,1.7,3.4,4.2,2.6,6.800000000000001
