,Age,Tm,Lg,Pos,G,GS,MP,FG,FGA,FG%,3P,3PA,3P%,2P,2PA,2P%,eFG%,FT,FTA,FT%,ORB,DRB,TRB,AST,STL,BLK,TOV,PF,PTS,OFF,DEF,TOT
0,24.0,MIL,NBA,SG,75,28,26.4,3.9,8.5,0.457,1.0,2.6,0.40399999999999997,2.8,5.9,0.48,0.518,1.5,1.7,0.865,0.6,2.2,2.8,4.2,1.1,0.2,1.5,1.9,10.2,17.7,3.5000000000000004,21.2
1,,,NBA,,75,28,26.4,3.9,8.5,0.457,1.0,2.6,0.40399999999999997,2.8,5.9,0.48,0.518,1.5,1.7,0.865,0.6,2.2,2.8,4.2,1.1,0.2,1.5,1.9,10.2,17.7,3.5000000000000004,21.2
